Profile Name,Title Name,Country,Utc Title Add Date
Evis,Designated Survivor,Albania,2024-01-22
Evis,Pain Hustlers,Albania,2024-01-22
Evis,Bodyguard,Albania,2024-01-09
Evis,Holiday in the Vineyards,Albania,2023-12-27
Evis,Klaus,Albania,2023-11-25
Evis,Love at First Sight,Albania,2023-11-25
Evis,See You on Venus,Albania,2023-11-25
Evis,You People,Albania,2023-11-25
Evis,Inside Man,Albania,2023-11-25
Evis,All the Light We Cannot See,Albania,2023-11-07
Evis,Dear Child,Albania,2023-09-22
Evis,Unstable,Albania,2023-09-22
Evis,The Marked Heart,Albania,2023-07-21
Evis,Your Place or Mine,Albania,2023-07-05
Evis,Chupa,Albania,2023-06-02
Evis,Where the Tracks End,Albania,2023-05-28
Evis,Me Time,Albania,2023-05-13
Evis,Girl in the Picture,Albania,2023-05-02
Evis,The Good Nurse,Albania,2023-04-30
Evis,The Sea Beast,Albania,2023-04-29
Evis,A Tourist's Guide to Love,Albania,2023-04-21
Evis,Love Hard,Albania,2023-03-26
Evis,Irresistible,Albania,2022-12-27
Evis,Too Close for Christmas,Albania,2022-10-17
Evis,Blonde,Albania,2022-10-01
Evis,No Limit,Albania,2022-09-25
Evis,Four to Dinner,Albania,2022-09-25
Evis,"tick, tick...BOOM!",Albania,2022-09-25
Evis,Persuasion,Albania,2022-09-25
Evis,Jack and Jill,Albania,2022-09-24
Evis,Wedding Season,Albania,2022-09-24
Evis,Grown Ups 2,Albania,2022-09-17
Evis,The Tourist,Albania,2022-05-01
Evis,Christmas Under Wraps,Albania,2022-05-01
Evis,Army of Thieves,Albania,2022-05-01
Evis,The Wedding Ringer,Albania,2022-04-13
Evis,Inventing Anna,Albania,2022-02-12
Evis,PATRICK (2019),Albania,2021-03-25
Evis,House of Cards,Albania,2020-06-11
Evis,The Princess Switch,Albania,2020-04-24
Evis,Peaky Blinders,Albania,2020-04-24
Evis,The Perfect Date,Albania,2020-04-24
Evis,Mr Bean's Holiday,Albania,2020-04-24
Evis,Gossip Girl,Albania,2020-04-24
Evis,Friends,Albania,2020-04-24
Evis,Kill Me If You Dare,Albania,2020-04-24
Evis,Bird Box,Albania,2020-04-24
Evis,The Crown,Albania,2020-04-24
Evis,Money Heist,Albania,2020-04-24
Redona,Your Place or Mine,Albania,2024-03-02
Redona,One Day,Albania,2024-02-25
Redona,The Abyss,Albania,2024-02-23
Redona,Alba,Albania,2024-02-23
Redona,The Heartbreak Agency,Albania,2024-02-17
Redona,Good Luck Chuck,Albania,2024-02-16
Redona,Players,Albania,2024-02-16
Redona,Mona Lisa Smile,Albania,2024-02-10
Redona,Maestro,Albania,2024-01-31
Redona,Deep Fear,Albania,2024-01-31
Redona,The Innocent,Albania,2024-01-28
Redona,You Are What You Eat: A Twin Experiment,Albania,2024-01-21
Redona,The Fall of the House of Usher,Albania,2024-01-21
Redona,Lift,Albania,2024-01-12
Redona,Safe,Albania,2024-01-12
Redona,Society of the Snow,Albania,2024-01-11
Redona,Fool Me Once,Albania,2024-01-05
Redona,Redeeming Love,Albania,2024-01-05
Redona,Under the Tuscan Sun,Albania,2024-01-02
Redona,Dubai Bling,Albania,2024-01-01
Redona,Bad Surgeon: Love Under the Knife,Albania,2023-12-30
Redona,Christmas as Usual,Albania,2023-12-30
Redona,Holiday in the Vineyards,Albania,2023-12-27
Redona,The Night Agent,Albania,2023-12-17
Redona,Arthur Christmas,Albania,2023-12-17
Redona,Klaus,Albania,2023-12-17
Redona,The Claus Family,Albania,2023-12-17
Redona,Love Actually,Albania,2023-12-17
Redona,NYAD,Albania,2023-12-10
Redona,I Hate Christmas,Albania,2023-12-09
Redona,A Nearly Normal Family,Albania,2023-12-03
Redona,The Snow Girl,Albania,2023-11-25
Redona,Gaga: Five Foot Two,Albania,2023-11-25
Redona,Wingwomen,Albania,2023-11-19
Redona,Best. Christmas. Ever!,Albania,2023-11-17
Redona,Pact of Silence,Albania,2023-11-17
Redona,Mr. Deeds,Albania,2023-11-04
Redona,Nowhere,Albania,2023-11-04
Redona,Fair Play,Albania,2023-11-04
Redona,Reptile,Albania,2023-11-04
Redona,The Garfield Show,Albania,2023-10-29
Redona,Beckham,Albania,2023-10-15
Redona,The Last Czars,Albania,2023-10-06
Redona,The Law According to Lidia Poët,Albania,2023-10-06
Redona,Women at War,Albania,2023-10-06
Redona,The Bonfire of Destiny,Albania,2023-09-29
Redona,Love is in the Air,Albania,2023-09-29
Redona,Burning Body,Albania,2023-09-10
Redona,A Perfect Story,Albania,2023-08-11
Redona,The Deepest Breath,Albania,2023-08-11
Redona,Gossip Girl,Albania,2023-08-01
Redona,Take Care of Maya,Albania,2023-06-25
Redona,Roald Dahl's Matilda The Musical,Albania,2023-06-02
Redona,The Perfect Man,Albania,2023-05-26
Redona,Queen Cleopatra,Albania,2023-05-21
Redona,Firefly Lane,Albania,2023-05-19
Redona,Thicker Than Water,Albania,2023-04-09
Redona,Rose Island,Albania,2023-03-17
Redona,Rumspringa - An Amish in Berlin,Albania,2023-03-14
Redona,The Strays,Albania,2023-02-26
Redona,You People,Albania,2023-02-19
Redona,Squared Love All Over Again,Albania,2023-02-19
Redona,Kaleidoscope,Albania,2023-01-02
Redona,Okja,Albania,2022-12-31
Redona,I Believe in Santa,Albania,2022-12-31
Redona,5 Star Christmas,Albania,2022-12-23
Redona,The Watcher,Albania,2022-12-10
Redona,Angel Falls Christmas,Albania,2022-12-04
Redona,The Noel Diary,Albania,2022-12-03
Redona,News of the World,Albania,2022-11-19
Redona,Falling for Christmas,Albania,2022-11-12
Redona,Too Close for Christmas,Albania,2022-10-15
Redona,The Empress,Albania,2022-10-09
Redona,The High Note,Albania,2022-10-08
Redona,Luckiest Girl Alive,Albania,2022-10-08
Redona,The Constant Gardener,Albania,2022-10-02
Redona,I Used to Be Famous,Albania,2022-09-23
Redona,Lou,Albania,2022-09-23
Redona,Notting Hill,Albania,2022-09-23
Redona,Erin Brockovich,Albania,2022-09-17
Redona,A Royal Winter,Albania,2022-09-03
Redona,A Perfect Pairing,Albania,2022-08-27
Redona,Look Both Ways,Albania,2022-08-20
Redona,Who Killed Sara?,Albania,2022-06-03
Redona,Toscana,Albania,2022-05-24
Redona,A Perfect Pairing,Albania,2022-05-24
Redona,The Protector,Albania,2022-04-17
Redona,Peaky Blinders,Albania,2022-04-10
Redona,Walk. Ride. Rodeo.,Albania,2022-04-09
Redona,The Harder They Fall,Albania,2022-04-03
Redona,6 Underground,Albania,2022-04-03
Redona,Is It Cake?,Albania,2022-04-02
Redona,Into the Wind,Albania,2022-03-13
Redona,Papillon,Albania,2022-03-06
Redona,What a Girl Wants,Albania,2022-03-06
Redona,The Tinder Swindler,Albania,2022-02-12
Redona,New Amsterdam,Albania,2022-02-06
Redona,My Father's Violin,Albania,2022-02-03
Redona,The Royal Treatment,Albania,2022-02-03
Redona,Duplicity,Albania,2022-01-15
Redona,On the Verge,Albania,2022-01-09
Redona,Stay Close,Albania,2022-01-09
Redona,Into the Wild,Albania,2022-01-09
Redona,The Girl from Oslo,Albania,2022-01-05
Redona,Sun in My Eyes,Albania,2021-12-29
Redona,Father Christmas Is Back,Albania,2021-12-15
Redona,Four Christmases,Albania,2021-12-12
Redona,A Wish for Christmas,Albania,2021-12-11
Redona,Maid,Albania,2021-11-03
Redona,Silver Skates,Albania,2021-10-17
Redona,Set It Up,Albania,2021-09-25
Redona,In Family I Trust,Albania,2021-09-25
Redona,Rip Tide,Albania,2021-09-25
Redona,Love Jacked,Albania,2021-08-29
Redona,Memoirs of a Geisha,Albania,2021-08-28
Redona,The Breadwinner,Albania,2021-08-22
Redona,Seaspiracy,Albania,2021-08-15
Redona,She's All That,Albania,2021-08-15
Redona,The Guide to the Perfect Family,Albania,2021-08-07
Redona,Just Like Heaven,Albania,2021-08-07
Redona,The Game Changers,Albania,2021-08-07
Redona,Overcomer,Albania,2021-06-08
Redona,Good Sam,Albania,2021-06-06
Redona,Enrico Piaggio - An Italian Dream,Albania,2021-05-30
Redona,One Day More,Albania,2021-05-30
Redona,Squared Love,Albania,2021-05-30
Redona,Cast Away,Albania,2021-04-10
Redona,The Secret: Dare to Dream,Albania,2021-04-10
Redona,The Trial of the Chicago 7,Albania,2021-04-10
Redona,PATRICK (2019),Albania,2021-03-25
Redona,Dream Home Makeover,Albania,2020-10-27
Redona,Home for Christmas,Albania,2020-10-25
Redona,Away,Albania,2020-10-11
Redona,Virgin River,Albania,2020-10-11
Redona,The Crown,Albania,2020-10-11
Redona,The Half Of It,Albania,2020-10-03
Redona,American Made,Albania,2020-10-01
Redona,What Men Want,Albania,2020-09-27
Redona,Made of Honor,Albania,2020-09-17
Redona,"Love, Guaranteed",Albania,2020-09-05
Redona,No Reservations,Albania,2020-08-30
Redona,Airplane Mode,Albania,2020-04-24
Redona,Mr Bean's Holiday,Albania,2020-04-24
Redona,Falling Inn Love,Albania,2020-04-24
Redona,Miracle in Cell No. 7,Albania,2020-04-24
Redona,The Crown,Albania,2020-04-24
Redona,Friends,Albania,2020-04-24
Redona,Insatiable,Albania,2020-04-24
Redona,Money Heist,Albania,2020-04-24
